u	angle	cd	cl
41.0	0.0	0.0092472582631	0.00011796001709
41.0	0.5	0.009213875110700001	0.061320287761
41.0	1.0	0.0090576622455	0.073872520538
41.0	1.5	0.0085861439975	0.13771279509
41.0	2.0	0.008885061383799998	0.18224055128
41.0	2.5	0.009887730862100002	0.29200139685
41.0	3.0	0.0091725346643	0.28636437743
41.0	3.5	0.0096817760884	0.35672490927
41.0	4.0	0.0098446969631	0.41901848375
41.0	4.5	0.010163674185	0.45806334366000007
41.0	5.0	0.010357511897	0.51868919279
41.0	5.5	0.010545308464	0.57953947563
41.0	6.0	0.011165856662999999	0.6160462675199999
41.0	6.5	0.011805872589	0.6561622927399999
41.0	7.0	0.01256175922	0.69763971287
41.0	7.5	0.012947261085000002	0.75684223812
41.0	8.0	0.012696887358	0.83354253954
41.0	8.5	0.014998937519	0.84232537713
41.0	9.0	0.015992335004	0.8865692892
41.0	9.5	0.01814648385	0.9115001660400001
41.0	10.0	0.018812955944999998	0.9646374336700001
41.0	10.5	0.020007811126000002	1.0077960314
41.0	11.0	0.023633120905	1.0272046906999999
41.0	11.5	0.026834550742000002	1.0533448572
41.0	12.0	0.036438501311	1.038872563
41.0	12.5	0.036412874349	1.1243330982
41.0	13.0	0.041013961148	1.1269353334
41.0	13.5	0.063536341577	1.1279799458
41.0	14.0	0.07633513699	1.0506124515000002
41.0	14.5	0.13624090236	0.9866829963
41.0	15.0	0.12663380497	0.46367687433999993
41.5	0.0	0.0092042659112	-0.0011951884004
41.5	0.5	0.0092100349018	0.060891441661
41.5	1.0	0.0090432761931	0.087631535847
41.5	1.5	0.0091331828116	0.12594918416
41.5	2.0	0.009205737092600001	0.17409452987
41.5	2.5	0.007560188105999999	0.27410004909
41.5	3.0	0.0092266842902	0.2764263493
41.5	3.5	0.0095349609684	0.35985961950999995
41.5	4.0	0.0097545735491	0.41441844134000005
41.5	4.5	0.0099619206149	0.46405576085
41.5	5.0	0.010183542920999999	0.52139022048
41.5	5.5	0.010492505031	0.5836181971100001
41.5	6.0	0.010927979787	0.6264508427800001
41.5	6.5	0.011520603069	0.6658897482899999
41.5	7.0	0.012109935487	0.7161142471199999
41.5	7.5	0.013097310176999999	0.74906021781
41.5	8.0	0.013754018143	0.8072408885600001
41.5	8.5	0.015246956643000001	0.8345539608499999
41.5	9.0	0.015224089937	0.8952192916299999
41.5	9.5	0.016813017642	0.9288999091600001
41.5	10.0	0.01814221017	0.9706763001500001
41.5	10.5	0.01941256107	1.0142377576000001
41.5	11.0	0.023550305652	1.0326520167
41.5	11.5	0.025765913449	1.0640863686
41.5	12.0	0.032019924308	1.0713676896
41.5	12.5	0.034057283565	1.1233606305
41.5	13.0	0.041795698248	1.1312865085
41.5	13.5	0.26270516994000004	1.0738645086
41.5	14.0	0.067408140433	1.1104312657
41.5	14.5	0.17304410694000003	0.66104504145
41.5	15.0	0.12989962347	0.42761357735
42.0	0.0	0.0091961080975	-0.0033746132400999996
42.0	0.5	0.0091755424027	0.060169165526999996
42.0	1.0	0.0090160844325	0.076064538849
42.0	1.5	0.0090943316489	0.12527313545
42.0	2.0	0.009292766569700002	0.19646529192
42.0	2.5	0.0082889631782	0.22080854246999998
42.0	3.0	0.009704407298100001	0.28876928123
42.0	3.5	0.0095205778626	0.3613474028
42.0	4.0	0.009711780146299998	0.41329006599
42.0	4.5	0.0099427425813	0.46996122639
42.0	5.0	0.010191330405	0.5212277251399999
42.0	5.5	0.010545584432	0.58091022266
42.0	6.0	0.010961609095	0.62292402092
42.0	6.5	0.011492236401	0.66697912155
42.0	7.0	0.01217638162	0.71010447051
42.0	7.5	0.013426220683	0.74016270081
42.0	8.0	0.013810021625999999	0.79993097421
42.0	8.5	0.015318832444	0.8291852891
42.0	9.0	0.015316558681	0.89596783654
42.0	9.5	0.016764720791	0.93112340043
42.0	10.0	0.018595887874	0.9662681461700001
42.0	10.5	0.019532773561	1.0153665116
42.0	11.0	0.022981760437	1.0376481281999999
42.0	11.5	0.025479820263	1.0695234175
42.0	12.0	0.031456515766	1.0754305767
42.0	12.5	0.034972906988	1.1147898182
42.0	13.0	0.047822970237999994	1.1284714622
42.0	13.5	0.074699078581	1.0430886995
42.0	14.0	0.085429514884	0.22707542346
42.0	14.5	0.58213451766	2.5531073444
42.0	15.0	0.088108509275	0.20741779866
42.5	0.0	0.0091421345495	-0.0011516470215
42.5	0.5	0.0091356888154	0.060387572333
42.5	1.0	0.009019881341399999	0.080160823953
42.5	1.5	0.0091332608699	0.127167045
42.5	2.0	0.0092995888897	0.19272850412
42.5	2.5	0.007256671102399999	0.27196660307
42.5	3.0	0.0096495339989	0.288402753
42.5	3.5	0.0095196173917	0.36263791538
42.5	4.0	0.0097221625654	0.41367385703000004
42.5	4.5	0.009920010594799999	0.47493698048999994
42.5	5.0	0.010213513091	0.51603674593
42.5	5.5	0.010476935477999999	0.58139584303
42.5	6.0	0.010959076496	0.6216275222
42.5	6.5	0.011537547334	0.6640271332
42.5	7.0	0.012234322527000002	0.7136040562
42.5	7.5	0.013220720348	0.74755084012
42.5	8.0	0.013712779003000001	0.79773447479
42.5	8.5	0.015636227455	0.8228755309199999
42.5	9.0	0.015158515525	0.8987126598
42.5	9.5	0.018324775044	0.91075695389
42.5	10.0	0.019356436911	0.95448591091
42.5	10.5	0.019484153263	1.0142721111
42.5	11.0	0.022705810144000003	1.0478514363
42.5	11.5	0.025784660603999997	1.0644183087
42.5	12.0	0.032396482964	1.0719528555
42.5	12.5	0.036419017256	1.1061089164
42.5	13.0	0.05152714393	1.0663079125
42.5	13.5	0.052862621019	1.1178416231000001
42.5	14.0	0.069260722042	1.1580411317000001
42.5	14.5	0.14294493398	1.0119787731
42.5	15.0	0.70450310564	2.9273804312
43.0	0.0	0.009175308202899999	-0.0041769899837
43.0	0.5	0.0090551577396	0.064346977417
43.0	1.0	0.008886921117	0.10095637946000001
43.0	1.5	0.0090994224379	0.12610542787
43.0	2.0	0.009115551678000001	0.1755477439
43.0	2.5	0.0077180013963	0.24199543269999998
43.0	3.0	0.0096703733606	0.28764290183
43.0	3.5	0.009523243063	0.36076142494999996
43.0	4.0	0.0096764778741	0.41505159154
43.0	4.5	0.0099512298164	0.47102906003
43.0	5.0	0.010142423361	0.52109112739
43.0	5.5	0.01052796733	0.57608494441
43.0	6.0	0.010908494559	0.6222375271
43.0	6.5	0.011762964127	0.6657575080100001
43.0	7.0	0.012091789750000002	0.71520694669
43.0	7.5	0.013525397560000001	0.74242352177
43.0	8.0	0.013973798271000001	0.79100554219
43.0	8.5	0.015462957424000001	0.8248802723299999
43.0	9.0	0.015240901388000001	0.89958307811
43.0	9.5	0.017339885688	0.9193733878
43.0	10.0	0.01803258643	0.9742279392700001
43.0	10.5	0.019397994664	1.0149067912
43.0	11.0	0.022369839215000003	1.0473513965999999
43.0	11.5	0.025829935567	1.0644190336
43.0	12.0	0.030429843923	1.0867965866
43.0	12.5	-0.21869073556999996	0.72260976002
43.0	13.0	0.049166409194	1.0988959431
43.0	13.5	0.05436199112099999	1.1494380926999999
43.0	14.0	0.09577635933800001	1.080868092
43.0	14.5	0.068897608979	0.13920630687000002
43.0	15.0	0.15230696816	0.6637210836
43.5	0.0	0.009363814802399999	-0.015676698908
43.5	0.5	0.009083789337700002	0.063239905653
43.5	1.0	0.0089652104236	0.09916599724099999
43.5	1.5	0.0089808780301	0.12523083298
43.5	2.0	0.0091201796891	0.17457542282000002
43.5	2.5	0.0078755035684	0.25308767224
43.5	3.0	0.0096598366274	0.29014864583
43.5	3.5	0.0094921976801	0.3604321998800001
43.5	4.0	0.009663617324	0.41646682340999996
43.5	4.5	0.009951861109	0.46877645592
43.5	5.0	0.010229505541	0.51926634219
43.5	5.5	0.010507618539	0.5749608820300001
43.5	6.0	0.010876517338	0.6209989117
43.5	6.5	0.011772569616000001	0.66325150495
43.5	7.0	0.012151525665	0.71130570011
43.5	7.5	0.013765803803000002	0.73976511436
43.5	8.0	0.01387419361	0.79370828009
43.5	8.5	0.015658216303999998	0.8210633233300001
43.5	9.0	0.015215957377	0.8961001335
43.5	9.5	0.016836843899	0.9279865536700002
43.5	10.0	0.017562408518000002	0.9809833753299999
43.5	10.5	0.019236933762	1.0174858248
43.5	11.0	0.021791532867000002	1.0494304922
43.5	11.5	0.026140750264	1.0616193736
43.5	12.0	0.032596430001	1.0671651265
43.5	12.5	0.031929958607	1.1338955757
43.5	13.0	0.068118641275	0.96783497991
43.5	13.5	0.11028926702	0.6327622017600001
43.5	14.0	-7.4880289547e+25	-1.3555820163e+26
43.5	14.5	0.15817465903	0.9538807872700001
43.5	15.0	0.25775973039	0.8042124934199999
44.0	0.0	0.0091031660884	9.088766437200001e-05
44.0	0.5	0.0091813349049	0.056867053455
44.0	1.0	0.0087854911432	0.09726285167099999
44.0	1.5	0.0085387013158	0.11399041613
44.0	2.0	0.00916435795	0.17901556627
44.0	2.5	0.0083474431763	0.22409271741
44.0	3.0	0.0095872788468	0.30116412055999997
44.0	3.5	0.0095057702352	0.3567533479
44.0	4.0	0.009722783015	0.42304366645
44.0	4.5	0.0098927501204	0.47274898321000003
44.0	5.0	0.010206158502	0.52290889015
44.0	5.5	0.010546185969	0.57077992422
44.0	6.0	0.011120489517	0.60776056408
44.0	6.5	0.011319853595	0.68338734683
44.0	7.0	0.012016637508	0.7311726443800001
44.0	7.5	0.012604871603	0.76294491126
44.0	8.0	0.013993551764	0.7918054330300001
44.0	8.5	0.014337799427	0.84902919497
44.0	9.0	0.014912241368	0.9028479870999999
44.0	9.5	0.016661805438999998	0.9304141621600001
44.0	10.0	0.017681447252	0.97872756201
44.0	10.5	0.021446320331	0.9936528549299999
44.0	11.0	0.022299844224000002	1.0411335594
44.0	11.5	0.023518225153000002	1.0871626141
44.0	12.0	0.028521204534	1.1026684446
44.0	12.5	0.033166293589	1.1313993419
44.0	13.0	0.044796522773	1.1047191156
44.0	13.5	0.030372221220999997	-0.042933803694
44.0	14.0	0.09384005606899999	1.0371930637
44.0	14.5	0.17573299067	1.0545062307
44.0	15.0	0.052003742253	0.07876341315
44.5	0.0	0.0091066054982	2.4193296656999998e-05
44.5	0.5	0.0090315415636	0.06502145969499999
44.5	1.0	0.0086843964106	0.099148905222
44.5	1.5	0.009063734719	0.13404819699
44.5	2.0	0.0092594879826	0.18713517281
44.5	2.5	0.0088092079976	0.2184624164
44.5	3.0	0.0093331938245	0.29752339164999997
44.5	3.5	0.009456582005700001	0.36116833944
44.5	4.0	0.0096728460137	0.42419379253
44.5	4.5	0.0099174198274	0.47110122421000006
44.5	5.0	0.010173863515	0.5246302177300001
44.5	5.5	0.010357939449999999	0.58568139299
44.5	6.0	0.011058457523	0.6115085156100001
44.5	6.5	0.011026569513999999	0.69523450917
44.5	7.0	0.011986361332	0.7307978958
44.5	7.5	0.012668116762000001	0.76002698881
44.5	8.0	0.013838799309	0.79438670771
44.5	8.5	0.013935391661	0.8554679603
44.5	9.0	0.015719202336	0.8987263750900001
44.5	9.5	0.01593022513	0.9458524540600001
44.5	10.0	1.2230987877000004e+184	4.174697002100001e+184
44.5	10.5	0.020710082842000002	1.0002811338
44.5	11.0	0.022943529849999998	1.0330820979000002
44.5	11.5	0.022681166365	1.0983126297
44.5	12.0	0.027920649734	1.1116047734999999
44.5	12.5	0.034916048101	1.1100683059
44.5	13.0	0.039859740362999996	1.140417437
44.5	13.5	0.20475940772999998	0.91753122979
44.5	14.0	0.15861939140999998	0.83027083241
44.5	14.5	0.08891601419	1.0557712496
44.5	15.0	0.22567376856999996	0.7485557424600001
45.0	0.0	0.009062637977799999	0.0015331662576
45.0	0.5	0.009078509737399999	0.061507640272
45.0	1.0	0.0087104265796	0.09752714450099999
45.0	1.5	0.009155198390700002	0.13495425450999998
45.0	2.0	0.0092417812093	0.19606726904
45.0	2.5	0.0084262538686	0.2282163194
45.0	3.0	0.0094411566505	0.30561356355999997
45.0	3.5	0.009483944238799998	0.36429468338
45.0	4.0	0.0096911457103	0.41612258335
45.0	4.5	0.009855780831000001	0.46831572243
45.0	5.0	0.010237123545	0.51760976455
45.0	5.5	0.010413767212	0.58320974763
45.0	6.0	0.010883337553999999	0.6197999120100001
45.0	6.5	0.011566190564999999	0.66596406191
45.0	7.0	0.011958148526	0.72771908794
45.0	7.5	0.012612620602	0.76039886951
45.0	8.0	0.013933795345999998	0.79094228515
45.0	8.5	0.016196402675000002	0.83303747542
45.0	9.0	0.016433867426	0.8716505874299999
45.0	9.5	0.017347534154	0.9200400084200001
45.0	10.0	0.018042023074	0.9717952499600001
45.0	10.5	0.019572653129	1.0251010695
45.0	11.0	0.023957083602999998	1.0269504663
45.0	11.5	0.022207420210000002	1.1007032612
45.0	12.0	0.028569162454	1.1043060496
45.0	12.5	0.032046452776	1.1356842665
45.0	13.0	0.042150621438999995	1.1294090006
45.0	13.5	0.11417369395	1.0149995540999999
45.0	14.0	0.058644049896	1.176089693
45.0	14.5	0.073207884704	1.2131945508
45.0	15.0	0.11114211987	0.36046328335999994
45.5	0.0	0.0090221895771	0.0023541422922
45.5	0.5	0.0089926997514	0.062884668986
45.5	1.0	0.008773571396	0.091391770507
45.5	1.5	0.0088669869895	0.13820672819
45.5	2.0	0.0090789314546	0.18123713921
45.5	2.5	0.007578583136699999	0.2503483893
45.5	3.0	0.0093902876908	0.30479498088
45.5	3.5	0.0094696748783	0.36527400255000003
45.5	4.0	0.009684003142299998	0.42240887511999997
45.5	4.5	0.009939149174200001	0.47094847367
45.5	5.0	0.010103778059	0.52652010474
45.5	5.5	0.010447430167	0.5741481081600001
45.5	6.0	0.010803407715000001	0.62222740258
45.5	6.5	0.011392256307999999	0.66764299962
45.5	7.0	0.012365979364	0.71324986725
45.5	7.5	0.012559279577	0.7650016153300001
45.5	8.0	0.013513608304	0.80125296786
45.5	8.5	0.014357379242	0.84880480982
45.5	9.0	0.016834410327	0.8716423926100001
45.5	9.5	0.01751277801	0.9220154087200001
45.5	10.0	0.018453524975	0.9665694783
45.5	10.5	0.021040697032	1.0022091882
45.5	11.0	0.023228165594	1.0312120942
45.5	11.5	0.022940662244	1.1002121009
45.5	12.0	0.03215700054	1.0748762984
45.5	12.5	0.043243609242000006	1.0555790887999998
45.5	13.0	0.044469414903	1.121147877
45.5	13.5	0.48852529728999994	2.3067043785
45.5	14.0	0.066756772576	1.1253913985
45.5	14.5	0.13688381833	0.65514900456
45.5	15.0	0.09947571231	0.30042006594
46.0	0.0	0.0090014645485	0.0021897682483000003
46.0	0.5	0.0089499348751	0.063925076997
46.0	1.0	0.008811504097799999	0.092665078203
46.0	1.5	0.009125051180799999	0.13592898107
46.0	2.0	0.0091399147344	0.18981455811999998
46.0	2.5	0.0091378006047	0.23610215681999996
46.0	3.0	0.0095660629134	0.30298287976
46.0	3.5	0.0094250181646	0.36604649969
46.0	4.0	0.0096477370887	0.42492705497
46.0	4.5	0.009864360812100001	0.4688988643
46.0	5.0	0.010165585726	0.51701581591
46.0	5.5	0.010473354767	0.57015652655
46.0	6.0	0.01104314875	0.61119378213
46.0	6.5	0.011378483836999999	0.66589910979
46.0	7.0	0.011915183562	0.73204863882
46.0	7.5	0.012503467348	0.7637393756599999
46.0	8.0	0.013268890682000002	0.81005516171
46.0	8.5	0.01431083512	0.8501082775300001
46.0	9.0	0.015893941470000002	0.89127222121
46.0	9.5	0.017069955452	0.9248713994600001
46.0	10.0	0.017610606081999998	0.9790674961799999
46.0	10.5	0.020266156532	1.0235391168999999
46.0	11.0	0.023955931458999997	1.0319261883
46.0	11.5	0.023750228662	1.08790889
46.0	12.0	0.028539360435	1.1046042822
46.0	12.5	5.7203946799e+20	5.4810643797e+20
46.0	13.0	0.035465436528	1.1701550524
46.0	13.5	0.081612644166	0.17890770558
46.0	14.0	0.15215017022	1.1784879302
46.0	14.5	0.15984570835	0.77545939918
46.0	15.0	0.08397357188400001	0.20045992316
46.5	0.0	0.0090176256685	0.00072233709847
46.5	0.5	0.009011274587600001	0.06877279271
46.5	1.0	0.008723692740600001	0.09437219344900001
46.5	1.5	0.0088582265281	0.13846321377
46.5	2.0	0.0090370064324	0.18812537647
46.5	2.5	0.0088862700211	0.24046929135
46.5	3.0	0.009522879884200001	0.29930802423
46.5	3.5	0.009411600469	0.36447361585
46.5	4.0	0.0096239834181	0.41772544486999996
46.5	4.5	0.009842709736700001	0.46637205779
46.5	5.0	0.010105390428	0.5255694880399999
46.5	5.5	0.010426885963	0.57395192402
46.5	6.0	0.011172223299	0.60637522581
46.5	6.5	0.011434485914	0.66290112484
46.5	7.0	0.011947053965000001	0.7178104641799999
46.5	7.5	0.012102567043000001	0.78713809881
46.5	8.0	0.013712425803	0.79411182233
46.5	8.5	0.015858445356	0.82844563424
46.5	9.0	0.015202230996	0.8962210977299999
46.5	9.5	0.018200239854999998	0.90921317764
46.5	10.0	0.018836317567	0.9747353519299999
46.5	10.5	0.020144057897000002	1.0063274946
46.5	11.0	0.023892354644	1.0235907554
46.5	11.5	-1.2011375869000001e+95	-1.0843723951e+96
46.5	12.0	0.03282256865	1.0682353843999999
46.5	12.5	0.06714234904199999	0.9358486291600001
46.5	13.0	0.033822437062	1.182054007
46.5	13.5	0.27343873261999996	1.0778846677
46.5	14.0	0.11191456395999999	1.0627895287
46.5	14.5	0.12595168172	0.4232933103
46.5	15.0	0.093057299892	0.26868163775
47.0	0.0	0.009041406134299998	-0.0017499889164000002
47.0	0.5	0.0089659636679	0.059964814830999996
47.0	1.0	0.0087187401757	0.093847618939
47.0	1.5	0.008973334345200002	0.13727348566
47.0	2.0	0.0088584163123	0.17905157700999996
47.0	2.5	0.0091080558335	0.24115396797
47.0	3.0	0.0095012176835	0.29847419108
47.0	3.5	0.0093907313224	0.36368890780999996
47.0	4.0	0.0096421219067	0.41944942865999996
47.0	4.5	0.0097613968345	0.47853959573999993
47.0	5.0	0.010076484776	0.52637276446
47.0	5.5	0.010394720353	0.57638329678
47.0	6.0	0.011182551048	0.6165688105100001
47.0	6.5	0.01136924359	0.66690117643
47.0	7.0	0.011507855195	0.7511669665299999
47.0	7.5	0.01312965312	0.74849052518
47.0	8.0	0.014087370827	0.78689481718
47.0	8.5	0.01446576342	0.84754833598
47.0	9.0	0.015447769210999999	0.8949208548200001
47.0	9.5	0.020258527719	0.8973071106299999
47.0	10.0	0.020088136839	0.9494292662999999
47.0	10.5	0.032440876646	0.8922356414700001
47.0	11.0	0.024221906324	1.0204546477
47.0	11.5	0.022861522476	1.0963881929000001
47.0	12.0	0.03045699338	1.0900807279
47.0	12.5	0.04340730473399999	1.0585734137
47.0	13.0	0.033062802478	1.1900172005
47.0	13.5	0.15846263015999998	0.73213473866
47.0	14.0	0.14317450216	0.5742268284600001
47.0	14.5	0.097209867465	0.29450249001
47.0	15.0	0.11150639862	0.38041496931
47.5	0.0	0.008966357691799999	0.00058757682173
47.5	0.5	0.0091375048453	0.033250241014
47.5	1.0	0.008745117537899999	0.09288132113700001
47.5	1.5	0.0090587969641	0.13868638064000002
47.5	2.0	0.0090734753986	0.18400853292999997
47.5	2.5	0.0092915583201	0.24124487145
47.5	3.0	0.0094264094651	0.3029485764
47.5	3.5	0.0093650682944	0.36164052234
47.5	4.0	0.0096126326974	0.42394123063
47.5	4.5	0.009796795188200001	0.46690900373000005
47.5	5.0	0.010011247393	0.52814338994
47.5	5.5	0.010538412890000001	0.5639263209100001
47.5	6.0	0.011313618806	0.6138065913699999
47.5	6.5	0.011326563049000002	0.66807524916
47.5	7.0	0.011965076708	0.7120636368800001
47.5	7.5	5.1490520724e+30	2.3147276316e+31
47.5	8.0	0.015224029005	0.77371438234
47.5	8.5	0.014290213047	0.86024655468
47.5	9.0	0.025798914069	0.77012073684
47.5	9.5	0.018051967167	0.9126056678200001
47.5	10.0	0.019344000705	0.9633489316
47.5	10.5	0.020061127856	1.0119588191
47.5	11.0	0.022053477406999998	1.0521002657
47.5	11.5	0.023938647310000002	1.085423625
47.5	12.0	0.030544624098	1.1249731078
47.5	12.5	0.033447509852	1.1258226911
47.5	13.0	0.032859623036	1.1987477498999999
47.5	13.5	0.080720301859	0.20167794676
47.5	14.0	0.19648057073	0.91954096706
47.5	14.5	0.13523397070999998	0.6626217613600001
47.5	15.0	0.09940900822599999	0.3234557089
48.0	0.0	0.0088685094567	0.0052182830125
48.0	0.5	0.008926888931299998	0.047403629535
48.0	1.0	0.008739825491700002	0.09595477713199999
48.0	1.5	0.0089900154874	0.14242071733
48.0	2.0	0.0090250342375	0.17852546800000002
48.0	2.5	0.009234844778	0.23864904561
48.0	3.0	0.009391278270299999	0.30472637758000004
48.0	3.5	0.009397435947100002	0.36753519380000005
48.0	4.0	0.009610868472	0.41939202612
48.0	4.5	0.009771861047700002	0.47643857868999995
48.0	5.0	0.0099785608274	0.53188450054
48.0	5.5	0.010377171222	0.5766232565999999
48.0	6.0	0.011019969442	0.61778643996
48.0	6.5	0.011307868636	0.66835665669
48.0	7.0	0.011854879503	0.71454950952
48.0	7.5	-2.0222885356000005e+102	-8.344040571200001e+102
48.0	8.0	0.013761834693	0.79321146792
48.0	8.5	0.013699492635	0.87007046893
48.0	9.0	0.015852602877	0.8980268972600001
48.0	9.5	0.018353396948	0.9078835862799999
48.0	10.0	0.017641281669	0.98267796945
48.0	10.5	0.035072948294000005	0.98175657531
48.0	11.0	0.024534853637	1.0184668857999999
48.0	11.5	0.065322801729	0.68555954985
48.0	12.0	0.030018493993000002	1.1286160703
48.0	12.5	0.1107650823	0.73176226582
48.0	13.0	0.037142720115	1.1681888581
48.0	13.5	0.055985305279	1.0962061873
48.0	14.0	0.09724017190300001	1.1551135759
48.0	14.5	0.12140284523	0.4824391258
48.0	15.0	0.14391836114	0.57342270696
48.5	0.0	0.0089884830732	-0.0007100912198099999
48.5	0.5	0.009072034460399999	0.028293585696
48.5	1.0	0.008572808664600001	0.098409992587
48.5	1.5	0.0086375026458	0.13972024617
48.5	2.0	0.009044050557	0.18348359053
48.5	2.5	0.008894173252799998	0.25020429601
48.5	3.0	0.009461349155100001	0.3039159769
48.5	3.5	0.0093868801194	0.36726987378
48.5	4.0	0.009584450908200001	0.42177727196000003
48.5	4.5	0.009809997426	0.48171901448999993
48.5	5.0	0.010086474518	0.52776253651
48.5	5.5	0.010394092659	0.57549063385
48.5	6.0	0.011046698337000001	0.62240176627
48.5	6.5	0.011316030538999999	0.6701176892499999
48.5	7.0	0.012116155973	0.7049786858399999
48.5	7.5	0.012398376946	0.7744712172399999
48.5	8.0	0.012719442775000001	0.8294474356999999
48.5	8.5	0.015016158163	0.8185918639699999
48.5	9.0	0.015381525663	0.89609546213
48.5	9.5	0.016301492309	0.93733658425
48.5	10.0	0.017252999273000003	0.9942609892700001
48.5	10.5	0.03025119947	0.89587298044
48.5	11.0	0.023487572023999998	1.0291867358
48.5	11.5	0.022118651163	1.1061542709999999
48.5	12.0	0.036295516438000004	1.0628454238
48.5	12.5	0.034151625674	1.1205795015
48.5	13.0	0.037933460222	1.1501871498
48.5	13.5	0.089483803451	0.22106292058000002
48.5	14.0	0.069065627505	1.1465324403000001
48.5	14.5	0.11366646457999999	0.38486952316
48.5	15.0	0.17151146020999997	0.72906341082
49.0	0.0	0.0089764404445	-0.0014508316473
49.0	0.5	0.0088401180001	0.056540283735999994
49.0	1.0	0.0085783711595	0.10145249493999998
49.0	1.5	0.008819650899799998	0.13447129763000001
49.0	2.0	0.008998264898100001	0.19042227230999997
49.0	2.5	0.008451213115	0.25120318078000003
49.0	3.0	0.009332078946	0.30661707029
49.0	3.5	0.0093952328447	0.36687496798
49.0	4.0	0.009560775197600001	0.41663628851999995
49.0	4.5	0.0098975372266	0.4653557633
49.0	5.0	0.010046666687	0.52716570554
49.0	5.5	0.01029950633	0.57997496487
49.0	6.0	0.011017100952000002	0.61243594607
49.0	6.5	0.011407550045000001	0.66314603651
49.0	7.0	0.012057819818	0.7058394173100001
49.0	7.5	0.012315774013	0.76816762639
49.0	8.0	0.013464813112	0.81076315822
49.0	8.5	0.013746570399	0.86633738366
49.0	9.0	0.015370871710000001	0.89219535314
49.0	9.5	0.01838557184	0.9075524095499999
49.0	10.0	0.017061341098	0.99283984778
49.0	10.5	0.020011757093	1.0140958644
49.0	11.0	0.024612015595999997	1.0181857456
49.0	11.5	0.022097727851	1.10366666
49.0	12.0	0.035306850452	1.1103518096
49.0	12.5	0.039591339694	1.1137784308
49.0	13.0	0.25504594778	1.1587077128
49.0	13.5	12.805050699	43.104400471999995
49.0	14.0	0.081741667038	0.25163179598
49.0	14.5	-0.079625576982	-0.43293397798
49.0	15.0	0.093150515589	0.29706746085
49.5	0.0	0.008965317655799998	0.00053547739961
49.5	0.5	0.009046971366	0.046246146893999994
49.5	1.0	0.008624524289299999	0.097755372515
49.5	1.5	0.0082638585025	0.15226193909000002
49.5	2.0	0.0090717770384	0.20506165699
49.5	2.5	0.0092972636502	0.24554944684
49.5	3.0	0.0093041025733	0.30540437352
49.5	3.5	0.009353215778	0.36241957803999997
49.5	4.0	0.009561212408	0.41167769358999995
49.5	4.5	0.0098206833338	0.47619321018
49.5	5.0	0.010072135012000001	0.5259116644899999
49.5	5.5	0.010311207251	0.58051583053
49.5	6.0	0.011260583197	0.6098569845399999
49.5	6.5	0.011506822453999999	0.66813765235
49.5	7.0	0.012287612667	0.69906949341
49.5	7.5	0.012297657583	0.76554743094
49.5	8.0	0.012975521584000001	0.8274481193000001
49.5	8.5	0.01769016333	0.8213944575
49.5	9.0	0.015668893679	0.88962094347
49.5	9.5	0.018326764994	0.90626564449
49.5	10.0	0.018653270278	0.9631497657200001
49.5	10.5	0.029851132816	0.9290546029600001
49.5	11.0	0.027061711836	0.9969908967799999
49.5	11.5	0.023049813667999998	1.0996068615
49.5	12.0	-0.6081115809000001	0.13427008605000001
49.5	12.5	0.040604694263	1.07063161
49.5	13.0	0.03762571536	1.1558308020999999
49.5	13.5	0.16586218622	0.90337746326
49.5	14.0	0.097194118067	1.0338682987
49.5	14.5	0.10227617301000001	0.36580732293000007
49.5	15.0	0.11777112549	0.42790788319
50.0	0.0	0.0088798292528	0.00038640387092
50.0	0.5	0.009031567601399998	0.041426126120000004
50.0	1.0	0.008743707733299999	0.094978903816
50.0	1.5	0.0086571774299	0.13722334056
50.0	2.0	0.0089197214742	0.17994870402
50.0	2.5	0.0081846443192	0.26244308048
50.0	3.0	0.0093184463793	0.30612146353
50.0	3.5	0.009560072302299999	0.36282970013000004
50.0	4.0	0.009611102430700002	0.42374205416999994
50.0	4.5	0.05056034814	0.13204890434
50.0	5.0	0.0098792540916	0.53446967735
50.0	5.5	0.010261774649	0.5807236754199999
50.0	6.0	0.011338173086	0.6014280901100001
50.0	6.5	0.011446957045	0.65865747506
50.0	7.0	0.012153574750000002	0.70445753737
50.0	7.5	0.012259996079	0.77310382302
50.0	8.0	0.013261990604	0.80689664167
50.0	8.5	0.014112751735	0.85880453138
50.0	9.0	0.015707914834	0.89215863537
50.0	9.5	0.017458172815	0.92136478686
50.0	10.0	0.018113912363	0.9689851606700001
50.0	10.5	0.021147278657999997	1.0005715842
50.0	11.0	0.030551942545	0.9645980916500001
50.0	11.5	0.11382444078	1.0925374582
50.0	12.0	0.038093527753	1.0559295123999999
50.0	12.5	0.048755021891	1.0534685536
50.0	13.0	0.039689098067	1.1351562764
50.0	13.5	0.16608445462000002	0.8937105482200001
50.0	14.0	1.0708567467e+35	3.6471123542e+35
50.0	14.5	3.092252842700001e+197	8.9980964939e+197
50.0	15.0	0.11962946802	0.42525101687
50.5	0.0	0.0088794921506	0.0029441541261
50.5	0.5	0.008770903876	0.06031120840200001
50.5	1.0	0.0087129312778	0.07158472161
50.5	1.5	0.008777213764100001	0.13504467658
50.5	2.0	0.008928508288	0.18089504117
50.5	2.5	0.0067204305227	0.269459691
50.5	3.0	0.009367991510200001	0.3044990158
50.5	3.5	0.0093523715548	0.35921134846
50.5	4.0	0.009532621557200001	0.4261504528
50.5	4.5	0.013129543869000001	0.43909134921000004
50.5	5.0	0.0099712090612	0.52595604999
50.5	5.5	0.010207006145000001	0.5888972152399999
50.5	6.0	0.01076094282	0.6290369521
50.5	6.5	0.01128766414	0.66665837467
50.5	7.0	0.012190499895	0.70092441673
50.5	7.5	0.035762274378	-0.040733688317
50.5	8.0	0.012832741647	0.8279663608
50.5	8.5	0.014545250983	0.8480583870399999
50.5	9.0	0.014003536278999999	0.9668857080500001
50.5	9.5	0.01635837905	0.94505739412
50.5	10.0	0.019745041285	0.95723759995
50.5	10.5	0.020753596925	1.0070850251999999
50.5	11.0	0.028570077620000002	0.98498942786
50.5	11.5	0.02122341491	1.1183214522
50.5	12.0	0.033240965824000004	1.0746529373
50.5	12.5	0.034960320076	1.1079761807
50.5	13.0	0.036954868695999996	1.1526908734999999
50.5	13.5	-3.9991089618e+23	-1.0584662068e+24
50.5	14.0	0.1092904348	1.0299454107
50.5	14.5	0.070818021586	0.17423224261
50.5	15.0	0.083493302714	0.23870132065000002
51.0	0.0	0.0089484101202	-0.0037226857245
51.0	0.5	0.009091433878	0.039853676167
51.0	1.0	0.0083310153184	0.10347803138
51.0	1.5	0.0088132829495	0.13184610849
51.0	2.0	0.0088367431947	0.19843954283
51.0	2.5	0.0084412733426	0.23620915584000002
51.0	3.0	0.009341793113700002	0.30382205521
51.0	3.5	0.009332323132299999	0.36552333811
51.0	4.0	0.009560506279899999	0.42700334603
51.0	4.5	0.010001226351	0.4545330483899999
51.0	5.0	0.0099373587875	0.52730487224
51.0	5.5	0.010140319544	0.5901612069
51.0	6.0	0.010636097559	0.63629269099
51.0	6.5	0.011400691895	0.66056942056
51.0	7.0	0.012202143578	0.7004852637100001
51.0	7.5	0.012414215563999999	0.77923833964
51.0	8.0	0.012398063448	0.8340878009999999
51.0	8.5	0.006135294581899999	0.9425716037399999
51.0	9.0	0.015268631928000001	0.90306235415
51.0	9.5	-57.713022912	-315.3142933
51.0	10.0	0.01778642185	0.9815535492899999
51.0	10.5	0.019948973589	1.031586022
51.0	11.0	0.02979024226	0.97253163256
51.0	11.5	0.022902853079	1.0987836481
51.0	12.0	1.6806070031000006e+130	5.8247176394e+130
51.0	12.5	0.041534672292	1.0476099276000002
51.0	13.0	0.032333436615	1.1961040334
51.0	13.5	7.8995041711e+32	2.2324756969e+33
51.0	14.0	0.15846926605	0.8863620554200001
51.0	14.5	2.8630106287	13.001629151
51.0	15.0	0.09125906022500001	0.2732340443
51.5	0.0	0.008854006594799999	0.0029460623218
51.5	0.5	0.008929035955299999	0.047918607354
51.5	1.0	0.0085010637585	0.095663055497
51.5	1.5	0.0088702145402	0.13175174277
51.5	2.0	0.0089703732005	0.18851795548
51.5	2.5	0.0081943533989	0.18415275991
51.5	3.0	0.00938915997	0.30407798943000003
51.5	3.5	0.010923262845999999	0.33685539248999996
51.5	4.0	0.009550603378200002	0.42780921135
51.5	4.5	0.0099468464684	0.45413531409999996
51.5	5.0	0.0098790768866	0.53190755554
51.5	5.5	0.010170842819	0.58321230235
51.5	6.0	0.010914484282	0.61721373894
51.5	6.5	0.011060483065	0.6734072499699999
51.5	7.0	0.012011886439	0.7087650779000001
51.5	7.5	0.011793221991	0.7923790177399999
51.5	8.0	0.027227682514	0.8235085030399999
51.5	8.5	0.015742740499	0.8599704775299999
51.5	9.0	0.076457316428	0.82231735885
51.5	9.5	0.016800277393	0.94693966283
51.5	10.0	0.022419664516	0.91388084702
51.5	10.5	0.0232291281	0.97562905949
51.5	11.0	0.025201568802	1.0144810096999999
51.5	11.5	-4.440760836900001e+84	-1.7209280402e+85
51.5	12.0	0.5516098054899999	2.914263258
51.5	12.5	0.044898638788	1.1324317137
51.5	13.0	0.033181595098	1.1958270820999999
51.5	13.5	0.071321482137	0.72777833561
51.5	14.0	0.09292382549799999	1.0577630741
51.5	14.5	0.089958987041	0.26166114959000003
51.5	15.0	0.088939228064	0.25046294643000006
52.0	0.0	0.0087670678426	0.006566981375300001
52.0	0.5	0.009052310566100001	0.039744365512
52.0	1.0	0.0087004582525	0.09059055285499999
52.0	1.5	0.0089769414636	0.14028950920999997
52.0	2.0	0.0088763802845	0.19247290934
52.0	2.5	0.0076830463879	0.27970902496
52.0	3.0	0.0093110561343	0.30062244819
52.0	3.5	0.009303338538799999	0.3654795578
52.0	4.0	0.0094958000422	0.42582583095
52.0	4.5	0.009813647526299998	0.45312483216000005
52.0	5.0	0.0099632334673	0.52505902506
52.0	5.5	0.010256405638	0.57629952876
52.0	6.0	0.01076746946	0.62177694294
52.0	6.5	0.011409726370000001	0.6619279636600001
52.0	7.0	0.01210565372	0.70255369493
52.0	7.5	0.012287581921	0.78515264956
52.0	8.0	0.012611574593	0.82665374984
52.0	8.5	0.016658730715	0.81805066229
52.0	9.0	0.015488650254	0.8966043310899999
52.0	9.5	0.07765403983	0.46293021591000005
52.0	10.0	0.018308773122	0.9770208958
52.0	10.5	0.021950303596	0.99112023376
52.0	11.0	0.025518572107000002	1.014208633
52.0	11.5	0.022061720496	1.1102691674
52.0	12.0	0.062458410185	0.9632755022299999
52.0	12.5	0.030091328941	1.1803515873000001
52.0	13.0	0.032528506345	1.1890777683
52.0	13.5	0.088699248319	1.0199277002
52.0	14.0	-3.3587982159e+39	-9.260168842800001e+39
52.0	14.5	0.09819066439400001	0.34232436695
52.0	15.0	0.03778378795	-0.015451583998
52.5	0.0	0.0088868692217	0.00079269443502
52.5	0.5	0.008787207677799998	0.06457197598100001
52.5	1.0	0.0083623631329	0.09843718716
52.5	1.5	0.0089459733407	0.14047921439000002
52.5	2.0	0.0089715927137	0.18933095145
52.5	2.5	0.0091046323255	0.2455157147
52.5	3.0	0.0092616900465	0.30587602656
52.5	3.5	0.0093327961917	0.36636514670000003
52.5	4.0	0.0094585014209	0.42872335869
52.5	4.5	0.0098423164777	0.46130133111999994
52.5	5.0	0.0099265546184	0.5277057604300001
52.5	5.5	0.010228061905999999	0.58401713413
52.5	6.0	0.011049572087000002	0.60516597412
52.5	6.5	0.011390331747999999	0.6623033766499999
52.5	7.0	0.011856343003	0.71207756979
52.5	7.5	0.012048022045	0.7732036624099999
52.5	8.0	0.013658247041	0.8065997820999999
52.5	8.5	0.015293736082	0.85119726302
52.5	9.0	0.015519569781	0.8917037107700001
52.5	9.5	0.020616191346	0.9054781886100001
52.5	10.0	0.019521937052	0.95167453936
52.5	10.5	0.021466131532	0.99814059134
52.5	11.0	0.028136303655	0.9899613209200001
52.5	11.5	0.022885657631000002	1.1017555587999999
52.5	12.0	0.028184878797	1.1119869175
52.5	12.5	0.049311779747000004	1.0530913845999998
52.5	13.0	0.037035267923	1.1608330644
52.5	13.5	0.069194832845	0.23221964228
52.5	14.0	0.26177932485	1.1736841528
52.5	14.5	0.061115259162	0.13385487734999998
52.5	15.0	0.068024146831	0.15509340718
53.0	0.0	0.0088959744823	-0.0030648234204000003
53.0	0.5	0.008816788235700002	0.06262288098
53.0	1.0	0.008728668825700002	0.09569711548
53.0	1.5	0.0088500494524	0.14274326158
53.0	2.0	0.0089733878598	0.19299702468
53.0	2.5	0.0090539319453	0.24086541864
53.0	3.0	0.0092799829577	0.29623905785
53.0	3.5	0.0094771662372	0.34335144897
53.0	4.0	0.009486916453600001	0.42796739298
53.0	4.5	9.2869535852e+17	5.1399271177e+17
53.0	5.0	0.0099465458231	0.52059212313
53.0	5.5	0.010255008325	0.58152893472
53.0	6.0	0.010825274787000001	0.6173623601100001
53.0	6.5	0.011635946365	0.6522334958
53.0	7.0	0.011402932875	0.73683781943
53.0	7.5	0.011771482961	0.78258386197
53.0	8.0	0.015049581753	0.77744304712
53.0	8.5	0.013790338038000002	0.86478313143
53.0	9.0	0.014938700957	0.9106744947900001
53.0	9.5	0.030052947009999997	0.89719247584
53.0	10.0	0.021598799896999997	0.9319787075299999
53.0	10.5	0.023617595746	0.9725065474200001
53.0	11.0	0.0266256724	1.0064012545
53.0	11.5	0.022291740199	1.1095940265000002
53.0	12.0	0.03061915266	1.0941443958
53.0	12.5	0.036009587992	1.1120813090000001
53.0	13.0	0.035247620184999995	1.1744030026
53.0	13.5	1.3253710006000001	6.1311488639
53.0	14.0	0.21760014343000003	0.8619232854200001
53.0	14.5	0.17601347579	0.6880963013
53.0	15.0	0.050508537425	0.11992623622000001
53.5	0.0	0.0087696028021	0.002612253401
53.5	0.5	0.008857792052100001	0.066804526697
53.5	1.0	0.0082445433469	0.12510135549
53.5	1.5	0.0089034322414	0.14149193392999998
53.5	2.0	0.008862416969799999	0.2001542193
53.5	2.5	0.0092147449837	0.25356535482
53.5	3.0	0.0086201467541	0.30008211735999996
53.5	3.5	0.0092251012734	0.36906972956999995
53.5	4.0	0.0093757409035	0.43176882564999997
53.5	4.5	0.0095349880471	0.48738320694
53.5	5.0	0.009936483972700002	0.53260811051
53.5	5.5	0.010094535542999999	0.5831688399399999
53.5	6.0	0.010333739136	0.64409244759
53.5	6.5	0.011545025323999999	0.65123042622
53.5	7.0	0.011319614927	0.72706247199
53.5	7.5	0.012198166612	0.76272157323
53.5	8.0	0.014204868237999999	0.7898112880500001
53.5	8.5	0.015238737934000001	0.82803886162
53.5	9.0	0.01626346063	0.8810016354200001
53.5	9.5	0.018199115551	0.9067497272799998
53.5	10.0	0.018205391596	0.9715474748799999
53.5	10.5	0.019551698406	1.0228514597
53.5	11.0	0.022642136656	1.0376810023
53.5	11.5	0.052397835269	0.9955667767399999
53.5	12.0	0.026767658563	1.1240655618000002
53.5	12.5	0.045678556592	1.0519140953
53.5	13.0	0.03128271807	1.2039110243
53.5	13.5	0.10349915967000001	0.83236984475
53.5	14.0	0.18912924182	1.0490766497
53.5	14.5	0.17545713524	0.84820936665
53.5	15.0	0.094580686332	0.29206448029
54.0	0.0	0.0087576211709	0.0035190874399
54.0	0.5	0.008623586435	0.06719676301199999
54.0	1.0	0.0085426454721	0.11206980960999999
54.0	1.5	0.0088035187856	0.14611463144
54.0	2.0	0.0090134071377	0.19626908547000002
54.0	2.5	0.0078090117319	0.30739949203
54.0	3.0	0.0091865720618	0.30521942224
54.0	3.5	0.009205205438700001	0.36791932125
54.0	4.0	0.009394833996799998	0.4280493612
54.0	4.5	0.009535807052600001	0.48712686732
54.0	5.0	0.0098397843376	0.54154853748
54.0	5.5	0.010079441982	0.57812447861
54.0	6.0	0.010407287388000001	0.6345337129999999
54.0	6.5	0.010989626423	0.66866944359
54.0	7.0	0.011279658147	0.73617462313
54.0	7.5	0.012091710973	0.76274947228
54.0	8.0	0.014972783842	0.78000629521
54.0	8.5	0.014478454084999998	0.84243002133
54.0	9.0	0.015623404320000001	0.88408603256
54.0	9.5	0.017974769954	0.9194174070899999
54.0	10.0	0.017293851133999998	0.9828554360899999
54.0	10.5	0.017644076497	1.048867064
54.0	11.0	0.022281662431	1.0428298998999999
54.0	11.5	0.12583099195	0.61307609724
54.0	12.0	0.028038110507999998	1.1110132503
54.0	12.5	0.030547742165000003	1.1544711543000001
54.0	13.0	0.033880751688	1.1849253709
54.0	13.5	0.10258843115	0.84552542262
54.0	14.0	0.048588937544	1.2060861249
54.0	14.5	0.20222857033	0.88018063156
54.0	15.0	0.0047740903312	-0.13207425079000001
54.5	0.0	0.0087601519649	0.0024228427649000002
54.5	0.5	0.0088016592909	0.060864781061
54.5	1.0	0.0085066952894	0.11143637728
54.5	1.5	0.0086924866955	0.14522136965
54.5	2.0	0.0089585686482	0.18719416616
54.5	2.5	0.0091757154455	0.25364352362
54.5	3.0	0.0091638025685	0.30541930312
54.5	3.5	0.0092534662099	0.35943944806999995
54.5	4.0	0.0095051208042	0.42711982134000004
54.5	4.5	0.0095658558435	0.47902500073
54.5	5.0	0.0099340594756	0.52565833772
54.5	5.5	0.010169713647	0.57850173242
54.5	6.0	0.010616681011	0.6273741810100001
54.5	6.5	0.011213042627999999	0.66095382662
54.5	7.0	0.011169105113999999	0.73964572042
54.5	7.5	0.01212482836	0.76183078881
54.5	8.0	0.015484320701999999	0.76799512089
54.5	8.5	0.016310684001	0.81124692222
54.5	9.0	0.016022198798	0.87945005675
54.5	9.5	0.016598315386	0.9356754516
54.5	10.0	0.01681239912	0.9911693841
54.5	10.5	0.019384809588	1.0190531012000001
54.5	11.0	0.023694565784	1.0292368553
54.5	11.5	0.026194368036	1.0751911864
54.5	12.0	0.17171363588	0.83458323676
54.5	12.5	0.028971384722	1.1694116113
54.5	13.0	0.03095786875	1.2062431286
54.5	13.5	0.09769733393999999	0.8561564682699999
54.5	14.0	0.0530568945	1.2502573617000001
54.5	14.5	0.25060563915	1.4547960856
54.5	15.0	0.070781574917	0.15302905337
55.0	0.0	0.0087558820177	0.0011177688883
55.0	0.5	0.0088335114737	0.060870477731999995
55.0	1.0	0.0087881534282	0.069358295423
55.0	1.5	0.008868439108799999	0.14442838865
55.0	2.0	0.0090422483496	0.19666888806
55.0	2.5	0.0090725844519	0.25781420443
55.0	3.0	0.009170404320700001	0.31106336176
55.0	3.5	0.0092451833583	0.36494173509000005
55.0	4.0	0.009507268813100002	0.4204660593
55.0	4.5	0.0094962531299	0.4849072768
55.0	5.0	0.009853246507299998	0.52841801843
55.0	5.5	0.010080784897000001	0.58288582172
55.0	6.0	0.010562452563	0.62996172113
55.0	6.5	0.011130021122	0.66414804656
55.0	7.0	0.011206601322000001	0.7373361959199999
55.0	7.5	0.012559398756	0.7525573442
55.0	8.0	0.0172774342	0.7127559686499999
55.0	8.5	0.015040709037	0.82928577874
55.0	9.0	0.015894457173	0.8824670289100001
55.0	9.5	0.018139929548	0.9208581273399999
55.0	10.0	0.019263863599	0.95576619621
55.0	10.5	0.020103426101	1.0073699462
55.0	11.0	0.022492745321	1.0406307204
55.0	11.5	0.031431151956	1.0307016608
55.0	12.0	0.026676756077	1.1237441406
55.0	12.5	0.034604514029	1.1318525966
55.0	13.0	0.033448224811	1.1869881223
55.0	13.5	0.11191547281	0.7771569155600001
55.0	14.0	0.053952199602	1.1818945256
55.0	14.5	0.13315520874000003	1.0431099429000001
55.0	15.0	0.058134286811	0.08122433898
55.5	0.0	0.008776657911499999	0.0018916538915999999
55.5	0.5	0.0087599952049	0.062814576638
55.5	1.0	0.0088147806216	0.068544815603
55.5	1.5	0.008879212844	0.1497908904
55.5	2.0	0.009030857200399998	0.19660976848
55.5	2.5	0.0090857968427	0.25818546563
55.5	3.0	0.0090719944047	0.3145793937
55.5	3.5	0.009204423766399999	0.3644903936
55.5	4.0	0.0092708763405	0.43932920133000003
55.5	4.5	0.0094932448289	0.4831194408899999
55.5	5.0	0.009762882745200001	0.5358531729899999
55.5	5.5	0.010372436056999999	0.56718716229
55.5	6.0	0.010744928019999999	0.62013799853
55.5	6.5	0.011243603044	0.66108437191
55.5	7.0	0.011010985054	0.7395678679100001
55.5	7.5	0.01218518071	0.7601892945800001
55.5	8.0	0.015643566575	0.77709242166
55.5	8.5	0.01522024769	0.82660219698
55.5	9.0	0.015814578497999998	0.8872435235200001
55.5	9.5	0.016499643126	0.9352019021600001
55.5	10.0	0.017658506907	0.9836426278799999
55.5	10.5	0.019935475498	1.0112171187
55.5	11.0	0.022556271567000002	1.0409298109
55.5	11.5	0.025899602768	1.076752886
55.5	12.0	0.026699879739	1.1253357729
55.5	12.5	0.033025738537	1.1243228675
55.5	13.0	0.035258387392000004	1.1759280998000001
55.5	13.5	0.11197221112	0.6828446358600001
55.5	14.0	0.056788036057	1.2251977245999999
55.5	14.5	0.10785693108	1.1452732556
55.5	15.0	0.16975982403999998	0.5106081641800001
56.0	0.0	0.0087247807045	0.0025517362981999996
56.0	0.5	0.008713114726200002	0.062830253845
56.0	1.0	0.0087525248245	0.063594429976
56.0	1.5	0.0087505485267	0.13994643356
56.0	2.0	0.009030087739700002	0.19717899175999998
56.0	2.5	0.0091204656704	0.25795151568
56.0	3.0	0.0090431648837	0.32153289369000004
56.0	3.5	0.0091765853634	0.36646976198
56.0	4.0	0.009349647925399999	0.43405521555
56.0	4.5	0.009558124713	0.47355052993
56.0	5.0	0.0097149329751	0.53786679105
56.0	5.5	0.009934777516700001	0.58972093739
56.0	6.0	0.01029810035	0.65024528447
56.0	6.5	0.011195018588	0.66044031081
56.0	7.0	0.011059475699	0.7378587494300001
56.0	7.5	0.013509824455	0.7297110914
56.0	8.0	0.019490003731	0.70767055762
56.0	8.5	0.014934802919	0.83269202922
56.0	9.0	0.016813844398	0.8721579595000001
56.0	9.5	0.017783092455	0.92220761921
56.0	10.0	0.017157024105	0.98353143364
56.0	10.5	0.019826024212	1.0127320791
56.0	11.0	0.023564157992	1.030787052
56.0	11.5	0.027193837947	1.0623393171
56.0	12.0	0.026522283385	1.128460069
56.0	12.5	0.027694130556	1.1783435259000001
56.0	13.0	0.03622131497	1.1624738061
56.0	13.5	0.10397454210000001	0.81458589533
56.0	14.0	0.052149216226	1.1896039605
56.0	14.5	0.11343445840999998	0.42458100984999997
56.0	15.0	0.083393103273	0.19673693117
56.5	0.0	0.0086517277744	0.0048234264955
56.5	0.5	0.0087305645036	0.06487104416
56.5	1.0	0.0088146192627	0.052874842955
56.5	1.5	0.0088264317546	0.14854831476
56.5	2.0	0.0090209672403	0.19566058261
56.5	2.5	0.0086979187359	0.25870168876
56.5	3.0	0.0089458029953	0.3233902101
56.5	3.5	0.0091743076386	0.36528906421999996
56.5	4.0	0.0094602405904	0.41992291657999997
56.5	4.5	0.009503821251700002	0.47805989224
56.5	5.0	0.0096649180964	0.54217355195
56.5	5.5	0.010083439353	0.5759850667399999
56.5	6.0	0.010323787603	0.64409646281
56.5	6.5	0.011250626782	0.65819179403
56.5	7.0	0.011457577704	0.72060553152
56.5	7.5	0.011637609591	0.7767881966399999
56.5	8.0	0.016756850669	0.74294951846
56.5	8.5	0.016240301618	0.8244910875300001
56.5	9.0	0.016292806796	0.8759512008
56.5	9.5	0.017817528921	0.9150906248799999
56.5	10.0	0.018652324187	0.9714070181100001
56.5	10.5	0.020448598462	1.0081745653
56.5	11.0	0.023805198967	1.0279563676
56.5	11.5	0.025463732699000003	1.0746444743999999
56.5	12.0	0.026312814509999997	1.1275071703
56.5	12.5	0.032083607686	1.1353088042
56.5	13.0	0.04057705338	1.1371739003
56.5	13.5	0.10537281184	0.73290189088
56.5	14.0	0.12897835228	0.89711710862
56.5	14.5	0.12353517342	0.53027460084
56.5	15.0	0.15728528382999998	0.62190823507
57.0	0.0	0.0086944549029	0.0018934769207000002
57.0	0.5	0.0087333880185	0.062346469559
57.0	1.0	0.008729701074899999	0.069539832235
57.0	1.5	0.0087083923126	0.14889249536
57.0	2.0	0.008986953761100001	0.19793167659000002
57.0	2.5	0.008841122086999999	0.25663469871
57.0	3.0	0.0090526947439	0.31853512512
57.0	3.5	0.0091857439265	0.36965003348000003
57.0	4.0	0.009293422793799999	0.43330066728
57.0	4.5	0.009495577235600001	0.47838446799999995
57.0	5.0	0.0097885787665	0.52974399463
57.0	5.5	0.010127781234	0.57450886044
57.0	6.0	0.010375568488	0.63834045434
57.0	6.5	0.011657258935	0.6469123482600001
57.0	7.0	0.015405097377	0.65645951078
57.0	7.5	0.011569257671999999	0.78029693988
57.0	8.0	0.014916093483	0.77827074405
57.0	8.5	0.015808545301	0.82177178083
57.0	9.0	0.015859718342	0.8797430298700001
57.0	9.5	0.019848920061999998	0.8882929834700001
57.0	10.0	0.017485668647	0.9832093585299998
57.0	10.5	0.021666113974999998	0.9948728328799998
57.0	11.0	0.020876500916	1.0625582478
57.0	11.5	0.026270697403	1.0667309013
57.0	12.0	0.03166371625	1.0793432394
57.0	12.5	0.032731454911000005	1.1341708374
57.0	13.0	0.036645333146	1.1644096803
57.0	13.5	0.086939117995	0.33714936565
57.0	14.0	0.061407072427000005	1.1583856332
57.0	14.5	0.16065985585	0.73834229536
57.0	15.0	0.097100547167	0.28257727508
57.5	0.0	0.0086243794037	0.005407538664000001
57.5	0.5	0.008739066362700002	0.06204071641699999
57.5	1.0	0.008736656062200001	0.083509644847
57.5	1.5	0.0087701620754	0.14241459882000002
57.5	2.0	0.0087478921494	0.20268717902
57.5	2.5	0.009003394963299998	0.24691587664
57.5	3.0	0.009008298746100001	0.31619634811
57.5	3.5	0.009241059093299999	0.36533589384000004
57.5	4.0	0.0093221237932	0.42559233234
57.5	4.5	0.0094538976643	0.48990155437
57.5	5.0	0.0097269026381	0.5340889128399999
57.5	5.5	0.010199600675	0.56778887388
57.5	6.0	0.01028037101	0.64704478601
57.5	6.5	0.011714550027999999	0.64445298711
57.5	7.0	0.011662745976	0.71519408723
57.5	7.5	0.011599874142	0.7790575674600001
57.5	8.0	0.013469978888	0.8024764294600001
57.5	8.5	0.015131755323999999	0.82994514871
57.5	9.0	0.0159242357	0.8787230416299999
57.5	9.5	0.017150843386	0.9221433229100001
57.5	10.0	0.017796339338	0.97809993983
57.5	10.5	0.021431361872	0.98803548485
57.5	11.0	0.021506188106999998	1.0549760591
57.5	11.5	0.026129441954	1.072498345
57.5	12.0	0.029535296833	1.1213420574
57.5	12.5	0.032112685697	1.1372762095
57.5	13.0	0.055615026076999995	1.037932029
57.5	13.5	0.11300364210000001	0.58627551627
57.5	14.0	0.068264691645	1.1692507581
57.5	14.5	0.081071623119	0.25239929378000003
57.5	15.0	0.20058638979	0.8260163984700001
58.0	0.0	0.008588499551500001	0.0097367168428
58.0	0.5	0.008765631783000001	0.063555529397
58.0	1.0	0.008895214183299999	0.086645544762
58.0	1.5	0.0085654931045	0.15308256924
58.0	2.0	0.0087743788616	0.19707939557
58.0	2.5	0.0090710047369	0.25483386591999996
58.0	3.0	0.009051705319700001	0.31071066363
58.0	3.5	0.0091399308079	0.36687728916
58.0	4.0	0.0093486094631	0.41661244948
58.0	4.5	0.009507602368799998	0.47414515975
58.0	5.0	0.0098932145155	0.5236570468
58.0	5.5	0.010206299116	0.5674837099600001
58.0	6.0	0.010571392150000001	0.61968929373
58.0	6.5	0.011342317749999999	0.6547898494100001
58.0	7.0	0.01123777361	0.72623594022
58.0	7.5	0.01132258624	0.7939133300300001
58.0	8.0	0.014436939509000001	0.78310286518
58.0	8.5	0.014720450776	0.83760359375
58.0	9.0	0.016755754997	0.86882748144
58.0	9.5	0.019712725413	0.89575067941
58.0	10.0	0.017335303582	0.98461680176
58.0	10.5	0.021009725359	1.0051732581000001
58.0	11.0	0.021187470615	1.05769633
58.0	11.5	0.025701523736	1.0716652319
58.0	12.0	0.028713812731	1.1035120905
58.0	12.5	0.046276727209	1.0284255511
58.0	13.0	0.043538324217999996	1.1233146337
58.0	13.5	0.08711112584899999	0.33821963136
58.0	14.0	0.056603096708000004	1.1731399223999999
58.0	14.5	0.22973857338000003	0.75452037152
58.0	15.0	0.18747359472	0.65410254111
58.5	0.0	0.008583329261	0.0068725822988
58.5	0.5	0.0087203452563	0.06521455286899999
58.5	1.0	0.008723422654200001	0.056551174818000004
58.5	1.5	0.0086983553876	0.14522559472000002
58.5	2.0	0.0086548780496	0.19679607169
58.5	2.5	0.009055855364	0.25570312285999997
58.5	3.0	0.0090545640235	0.31441375937
58.5	3.5	0.0091334277631	0.36696569975000004
58.5	4.0	0.009316189164600001	0.42553541761999997
58.5	4.5	0.0094297104414	0.48177408953999995
58.5	5.0	0.0096958198811	0.54280040781
58.5	5.5	0.010361496091	0.56634898367
58.5	6.0	0.010308132692	0.6296137381100001
58.5	6.5	0.011420739509999998	0.6526520288800001
58.5	7.0	0.011280988365	0.7257684369600002
58.5	7.5	0.011409681161	0.78903372036
58.5	8.0	0.014714538607999999	0.7797188282899999
58.5	8.5	0.016014919675	0.81710108522
58.5	9.0	0.017024755966	0.8685728736399999
58.5	9.5	0.021051274364999997	0.86946374316
58.5	10.0	-2.8500545106000008e+169	-5.475111791100001e+168
58.5	10.5	0.021212760147000003	0.9994866590100001
58.5	11.0	0.020697784566	1.0629735679
58.5	11.5	0.024006177942	1.0988311594
58.5	12.0	0.028366373270000002	1.1100975005
58.5	12.5	0.07163612029699999	0.89284957217
58.5	13.0	0.038612132045	1.1377219404999999
58.5	13.5	0.11417473974999999	0.57279524722
58.5	14.0	0.059816767252000004	1.1736292745
58.5	14.5	0.13836085414000002	0.59893617387
58.5	15.0	0.19532188199	0.76454340648
59.0	0.0	0.0085883731022	0.0096273136701
59.0	0.5	0.008563701146700001	0.065389116569
59.0	1.0	0.0085352911188	0.099907337846
59.0	1.5	0.0086433522935	0.14519347445
59.0	2.0	0.008674467758200001	0.20480182325
59.0	2.5	0.008952962117799999	0.25525932645
59.0	3.0	0.0090228031304	0.31480177108
59.0	3.5	0.0091286906836	0.36706677404
59.0	4.0	0.009367172418799998	0.41811665210999993
59.0	4.5	0.009405863282799999	0.48633249468999995
59.0	5.0	0.0098534903181	0.5264527104300001
59.0	5.5	0.010075230751000001	0.57430544948
59.0	6.0	0.010606446109	0.61762280258
59.0	6.5	0.011619785429	0.64703097282
59.0	7.0	0.011495971388	0.7169223701399999
59.0	7.5	0.01170003786	0.7740552632100001
59.0	8.0	0.013908282569	0.79512609485
59.0	8.5	0.015000058582999999	0.83003282881
59.0	9.0	0.016599255982	0.8754431163099999
59.0	9.5	0.021649927646	0.8697456486599999
59.0	10.0	0.016884005877	1.0052547465000001
59.0	10.5	0.019189095674	1.0221167008
59.0	11.0	0.02061065535	1.0654968232
59.0	11.5	0.021064725718999998	1.1302158245
59.0	12.0	0.036306592133	1.0376628312
59.0	12.5	0.034480857133999995	1.1142204811
59.0	13.0	0.044826137037	1.0956243242
59.0	13.5	0.12006276315	0.60310353357
59.0	14.0	0.13173160279	1.0824515012
59.0	14.5	0.10379492173	0.41579924886999997
59.0	15.0	0.1489767308	0.6077381815199999
59.5	0.0	0.0085657765098	0.009034779480399999
59.5	0.5	0.0086371070365	0.064091756836
59.5	1.0	0.008634989898200001	0.066688247181
59.5	1.5	0.008677365267899998	0.14670889668
59.5	2.0	0.0086560756904	0.20507892945999998
59.5	2.5	0.009016510381	0.25474884872
59.5	3.0	0.0090630252127	0.31422439501
59.5	3.5	0.0091095564552	0.36677643320000003
59.5	4.0	0.0093036748342	0.41911216934
59.5	4.5	0.0094117290242	0.48645988848000005
59.5	5.0	0.009655437404799998	0.54186774551
59.5	5.5	0.009985361803799999	0.57881973465
59.5	6.0	0.010561926288	0.62008191494
59.5	6.5	0.01148506078	0.65041775543
59.5	7.0	0.011170688541000002	0.73167465619
59.5	7.5	0.011428969362000002	0.7903998946999999
59.5	8.0	0.013974461872	0.7915249884700001
59.5	8.5	0.014824917709	0.8322397856
59.5	9.0	0.016730968495	0.8734105822299999
59.5	9.5	0.023908729459	0.8513027225900001
59.5	10.0	0.017139070143	0.98252842061
59.5	10.5	0.020516492973	1.006467803
59.5	11.0	0.019525406933	1.0779681103
59.5	11.5	0.021747392763	1.1159928931999998
59.5	12.0	0.037099980367	1.033462994
59.5	12.5	0.058417151630999996	1.0253199487
59.5	13.0	0.052720158267	1.0495751281999999
59.5	13.5	0.11251993897	0.75557435167
59.5	14.0	0.11161030968	1.0815947597
59.5	14.5	0.091594174149	0.31941531906
59.5	15.0	0.09180860334	0.30899246955
60.0	0.0	0.008539747872500001	0.008873882219999999
60.0	0.5	0.0086250012937	0.065031204681
60.0	1.0	0.0087897113888	0.091773867255
60.0	1.5	0.0085957861587	0.14693570894000002
60.0	2.0	0.0088952422404	0.19959496927
60.0	2.5	0.0088831314466	0.25301959555
60.0	3.0	0.008970177291100001	0.31374444241
60.0	3.5	0.0091419938279	0.36826242556999994
60.0	4.0	0.009378289521799999	0.4153128364
60.0	4.5	0.0093905073392	0.48675153340000005
60.0	5.0	0.009657497832	0.54262466221
60.0	5.5	0.010152697785	0.57501676213
60.0	6.0	0.01006141958	0.65336798147
60.0	6.5	0.011292999176	0.6555268925100001
60.0	7.0	0.019769561932	0.62269264916
60.0	7.5	0.012291104232999998	0.76148115212
60.0	8.0	0.013468941518999999	0.79999772559
60.0	8.5	0.015329169901	0.82314861206
60.0	9.0	0.016409301577	0.8738135493100001
60.0	9.5	0.021379025135	0.87860844551
60.0	10.0	0.017360369442	0.98477977564
60.0	10.5	0.022365929861	0.98613476394
60.0	11.0	0.019601259221000002	1.079777637
60.0	11.5	0.023613790261	1.096137018
60.0	12.0	0.03472175045	1.0509031051
60.0	12.5	0.040771691025	1.0948011299
60.0	13.0	0.06300862988099999	1.0272701255
60.0	13.5	0.10937953282	0.79442688776
60.0	14.0	0.057835620642	1.1566433254000001
60.0	14.5	0.11392785502000001	0.46422497273
60.0	15.0	0.10969192045	0.34478229019
